{"google_preprocess_tfidf_preprocess_embed+Catboost": {"depth": 10, "l2_leaf_reg": 3, "iterations": 500, "learning_rate": 0.1, "scale_pos_weight": 0.8792924037460979}, "word_to_vec_embed+Catboost": {"depth": 5, "l2_leaf_reg": 5, "iterations": 250, "learning_rate": 0.001, "scale_pos_weight": 0.8792924037460979}, "google_preprocess_tfidf_preprocess+Catboost": {"depth": 3, "l2_leaf_reg": 5, "iterations": 500, "learning_rate": 0.001, "scale_pos_weight": 0.8792924037460979}, "google_preprocess+Catboost": {"depth": 5, "l2_leaf_reg": 5, "iterations": 500, "learning_rate": 0.001, "scale_pos_weight": 0.8792924037460979}, "google_preprocess_embed+Catboost": {"depth": 10, "l2_leaf_reg": 3, "iterations": 1000, "learning_rate": 0.01, "scale_pos_weight": 0.8792924037460979}, "tfidf_preprocess+Catboost": {"depth": 5, "l2_leaf_reg": 3, "iterations": 500, "learning_rate": 0.01, "scale_pos_weight": 0.8792924037460979}, "tfidf_preprocess_embed+Catboost": {"depth": 3, "l2_leaf_reg": 5, "iterations": 250, "learning_rate": 0.01, "scale_pos_weight": 0.8792924037460979}, "tfidf_preprocess_embed+decision_tree_classifier": {"max_depth": 10, "min_samples_leaf": 4, "min_samples_split": 5, "class_weight": "balanced"}, "google_preprocess_embed+Gaussian_NB": {"var_smoothing": 1e-09}, "google_preprocess_tfidf_preprocess+decision_tree_classifier": {"max_depth": 10, "min_samples_leaf": 4, "min_samples_split": 10, "class_weight": "balanced"}, "tfidf_preprocess+decision_tree_classifier": {"max_depth": 10, "min_samples_leaf": 1, "min_samples_split": 10, "class_weight": "balanced"}, "google_preprocess_tfidf_preprocess_embed+SVC": {"class_weight": "balanced", "C": 100, "penalty": "l2"}, "tfidf_preprocess+SVC": {"class_weight": "balanced", "C": 100, "penalty": "l2"}, "word_to_vec_embed+Gaussian_NB": {"var_smoothing": 1e-08}, "google_preprocess+decision_tree_classifier": {"max_depth": 10, "min_samples_leaf": 2, "min_samples_split": 2, "class_weight": "balanced"}, "google_preprocess_tfidf_preprocess_embed+decision_tree_classifier": {"max_depth": 7, "min_samples_leaf": 1, "min_samples_split": 5, "class_weight": "balanced"}, "tfidf_preprocess_embed+Gaussian_NB": {"var_smoothing": 1e-10}, "tfidf_preprocess+Gaussian_NB": {"var_smoothing": 1e-10}, "google_preprocess+SVC": {"class_weight": "balanced", "C": 100, "penalty": "l2"}, "google_preprocess_embed+SVC": {"class_weight": "balanced", "C": 100, "penalty": "l2"}, "tfidf_preprocess_embed+SVC": {"class_weight": "balanced", "C": 100, "penalty": "l2"}, "google_preprocess_tfidf_preprocess+SVC": {"class_weight": "balanced", "C": 100, "penalty": "l2"}, "word_to_vec_embed+SVC": {"class_weight": "balanced", "C": 100, "penalty": "l2"}, "word_to_vec_embed+decision_tree_classifier": {"max_depth": 5, "min_samples_leaf": 1, "min_samples_split": 2, "class_weight": "balanced"}, "google_preprocess_tfidf_preprocess_embed+Gaussian_NB": {"var_smoothing": 1e-09}, "google_preprocess_embed+decision_tree_classifier": {"max_depth": 7, "min_samples_leaf": 2, "min_samples_split": 5, "class_weight": "balanced"}, "google_preprocess+Gaussian_NB": {"var_smoothing": 1e-08}, "google_preprocess_tfidf_preprocess+Gaussian_NB": {"var_smoothing": 1e-08}, "word_to_vec_embed+Logistic_Regression": {"class_weight": "balanced", "C": 1, "penalty": "l2"}, "google_preprocess+Logistic_Regression": {"class_weight": "balanced", "C": 10, "penalty": "l2"}, "google_preprocess_tfidf_preprocess+Logistic_Regression": {"class_weight": "balanced", "C": 1, "penalty": "l2"}, "tfidf_preprocess+Logistic_Regression": {"class_weight": "balanced", "C": 10, "penalty": "l2"}, "google_preprocess_embed+Logistic_Regression": {"class_weight": "balanced", "C": 10, "penalty": "l2"}, "tfidf_preprocess_embed+Logistic_Regression": {"class_weight": "balanced", "C": 1, "penalty": "l2"}, "tfidf_preprocess+MLPClassifier": {"alpha": 0.05, "activation": "relu", "solver": "adam", "hidden_layer_sizes": [800], "learning_rate": "adaptive"}, "tfidf_preprocess_embed+MLPClassifier": {"alpha": 0.05, "activation": "relu", "solver": "adam", "hidden_layer_sizes": [200], "learning_rate": "adaptive"}, "word_to_vec_embed+MLPClassifier": {"alpha": 0.0001, "activation": "relu", "solver": "adam", "hidden_layer_sizes": [200], "learning_rate": "adaptive"}, "google_preprocess_tfidf_preprocess_embed+MLPClassifier": {"alpha": 0.05, "activation": "relu", "solver": "adam", "hidden_layer_sizes": [200], "learning_rate": "adaptive"}, "google_preprocess_tfidf_preprocess+MLPClassifier": {"alpha": 0.0001, "activation": "relu", "solver": "adam", "hidden_layer_sizes": [800], "learning_rate": "adaptive"}, "google_preprocess_embed+MLPClassifier": {"alpha": 0.0001, "activation": "relu", "solver": "adam", "hidden_layer_sizes": [600], "learning_rate": "adaptive"}, "google_preprocess+MLPClassifier": {"alpha": 0.05, "activation": "relu", "solver": "adam", "hidden_layer_sizes": [100], "learning_rate": "adaptive"}, "tfidf_preprocess_embed+RandomForestClassifier": {"min_samples_split": 2, "class_weight": "balanced", "max_depth": null, "n_estimators": 600, "min_samples_leaf": 1}, "word_to_vec_embed+RandomForestClassifier": {"min_samples_split": 5, "class_weight": "balanced", "max_depth": null, "n_estimators": 600, "min_samples_leaf": 2}, "google_preprocess_tfidf_preprocess_embed+RandomForestClassifier": {"min_samples_split": 2, "class_weight": "balanced", "max_depth": null, "n_estimators": 1000, "min_samples_leaf": 2}, "google_preprocess_tfidf_preprocess+RandomForestClassifier": {"min_samples_split": 2, "class_weight": "balanced", "max_depth": null, "n_estimators": 800, "min_samples_leaf": 2}, "google_preprocess_embed+RandomForestClassifier": {"min_samples_split": 2, "class_weight": "balanced", "max_depth": null, "n_estimators": 1000, "min_samples_leaf": 1}, "google_preprocess+RandomForestClassifier": {"min_samples_split": 2, "class_weight": "balanced", "max_depth": null, "n_estimators": 1000, "min_samples_leaf": 1}, "tfidf_preprocess+RandomForestClassifier": {"min_samples_split": 5, "class_weight": "balanced", "max_depth": null, "n_estimators": 600, "min_samples_leaf": 1}, "google_preprocess_embed+XGB_classifier": {"lambda": 0.01, "nthread": 4, "min_child_weight": 1, "scale_pos_weight": 0.8792924037460979, "objective": "binary:logistic", "max_depth": 7, "n_jobs": 4, "eta": 0.2}, "word_to_vec_embed+XGB_classifier": {"lambda": 0.01, "nthread": 4, "min_child_weight": 2, "scale_pos_weight": 0.8792924037460979, "objective": "binary:logistic", "max_depth": 10, "n_jobs": 4, "eta": 0.2}, "google_preprocess_tfidf_preprocess_embed+XGB_classifier": {"lambda": 0.01, "nthread": 4, "min_child_weight": 2, "scale_pos_weight": 0.8792924037460979, "objective": "binary:logistic", "max_depth": 10, "n_jobs": 4, "eta": 0.2}, "google_preprocess+XGB_classifier": {"lambda": 0.01, "nthread": 4, "min_child_weight": 1, "scale_pos_weight": 0.8792924037460979, "objective": "binary:logistic", "max_depth": 7, "n_jobs": 4, "eta": 0.2}, "tfidf_preprocess_embed+XGB_classifier": {"lambda": 0.01, "nthread": 4, "min_child_weight": 1, "scale_pos_weight": 0.8792924037460979, "objective": "binary:logistic", "max_depth": 5, "n_jobs": 4, "eta": 0.2}, "tfidf_preprocess+XGB_classifier": {"lambda": 0.01, "nthread": 4, "min_child_weight": 1, "scale_pos_weight": 0.8792924037460979, "objective": "binary:logistic", "max_depth": 7, "n_jobs": 4, "eta": 0.2}, "google_preprocess_tfidf_preprocess+XGB_classifier": {"lambda": 0.01, "nthread": 4, "min_child_weight": 1, "scale_pos_weight": 0.8792924037460979, "objective": "binary:logistic", "max_depth": 10, "n_jobs": 4, "eta": 0.2}, "google_preprocess_tfidf_preprocess_embed+Logistic_Regression": {"penalty": "l2", "class_weight": "balanced", "C": 1}}