{"word_to_vec_embed+SVC": {"penalty": "l2", "C": 0.1, "class_weight": "balanced"}, "google_preprocess+SVC": {"penalty": "l2", "C": 1, "class_weight": "balanced"}, "google_preprocess+RandomForestClassifier": {"min_samples_split": 2, "max_depth": 3, "n_estimators": 200, "class_weight": "balanced", "min_samples_leaf": 1}, "word_to_vec_embed+RandomForestClassifier": {"min_samples_split": 2, "max_depth": 3, "n_estimators": 200, "class_weight": "balanced", "min_samples_leaf": 1}, "google_preprocess_tfidf_preprocess+RandomForestClassifier": {"min_samples_split": 2, "max_depth": 3, "n_estimators": 200, "class_weight": "balanced", "min_samples_leaf": 1}, "google_preprocess_embed+RandomForestClassifier": {"min_samples_split": 2, "max_depth": 3, "n_estimators": 200, "class_weight": "balanced", "min_samples_leaf": 1}, "google_preprocess_tfidf_preprocess_embed+RandomForestClassifier": {"min_samples_split": 2, "max_depth": 3, "n_estimators": 200, "class_weight": "balanced", "min_samples_leaf": 1}, "tfidf_preprocess_embed+RandomForestClassifier": {"min_samples_split": 2, "max_depth": 3, "n_estimators": 200, "class_weight": "balanced", "min_samples_leaf": 1}, "tfidf_preprocess+RandomForestClassifier": {"min_samples_split": 2, "max_depth": 3, "n_estimators": 200, "class_weight": "balanced", "min_samples_leaf": 1}, "google_preprocess+Gaussian_NB": {"var_smoothing": 1e-08}, "google_preprocess_embed+Gaussian_NB": {"var_smoothing": 1e-08}, "tfidf_preprocess_embed+Gaussian_NB": {"var_smoothing": 1e-08}, "google_preprocess_tfidf_preprocess+Gaussian_NB": {"var_smoothing": 1e-10}, "google_preprocess_tfidf_preprocess_embed+Gaussian_NB": {"var_smoothing": 1e-09}, "word_to_vec_embed+Gaussian_NB": {"var_smoothing": 1e-09}, "tfidf_preprocess+Gaussian_NB": {"var_smoothing": 1e-10}, "google_preprocess+Logistic_Regression": {"penalty": "l2", "class_weight": "balanced", "C": 100}, "tfidf_preprocess_embed+Logistic_Regression": {"penalty": "l2", "class_weight": "balanced", "C": 0.001}, "word_to_vec_embed+Logistic_Regression": {"penalty": "l2", "class_weight": "balanced", "C": 10}, "google_preprocess_tfidf_preprocess_embed+Logistic_Regression": {"penalty": "l2", "class_weight": "balanced", "C": 0.1}, "google_preprocess_tfidf_preprocess+Logistic_Regression": {"penalty": "l2", "class_weight": "balanced", "C": 1}, "tfidf_preprocess+Logistic_Regression": {"penalty": "l2", "class_weight": "balanced", "C": 1}, "google_preprocess_embed+Logistic_Regression": {"penalty": "l2", "class_weight": "balanced", "C": 1}, "google_preprocess_embed+MLPClassifier": {"learning_rate": "adaptive", "solver": "adam", "activation": "tanh", "alpha": 0.05, "hidden_layer_sizes": [600]}, "tfidf_preprocess+MLPClassifier": {"learning_rate": "adaptive", "solver": "adam", "activation": "tanh", "alpha": 0.0001, "hidden_layer_sizes": [50, 100]}, "tfidf_preprocess_embed+MLPClassifier": {"learning_rate": "adaptive", "solver": "adam", "activation": "tanh", "alpha": 0.0001, "hidden_layer_sizes": [50, 50]}, "word_to_vec_embed+MLPClassifier": {"learning_rate": "adaptive", "solver": "adam", "activation": "tanh", "alpha": 0.0001, "hidden_layer_sizes": [50, 100]}, "google_preprocess_tfidf_preprocess+MLPClassifier": {"learning_rate": "adaptive", "solver": "adam", "activation": "tanh", "alpha": 0.0001, "hidden_layer_sizes": [50, 50]}, "google_preprocess+MLPClassifier": {"learning_rate": "adaptive", "solver": "adam", "activation": "tanh", "alpha": 0.0001, "hidden_layer_sizes": [50, 100]}, "google_preprocess_tfidf_preprocess_embed+MLPClassifier": {"learning_rate": "adaptive", "solver": "adam", "activation": "tanh", "alpha": 0.0001, "hidden_layer_sizes": [50, 50]}, "google_preprocess+decision_tree_classifier": {"min_samples_split": 10, "max_depth": null, "class_weight": "balanced", "min_samples_leaf": 1}, "tfidf_preprocess+decision_tree_classifier": {"min_samples_split": 5, "max_depth": null, "class_weight": "balanced", "min_samples_leaf": 1}, "word_to_vec_embed+decision_tree_classifier": {"min_samples_split": 2, "max_depth": 20, "class_weight": "balanced", "min_samples_leaf": 1}, "google_preprocess_tfidf_preprocess+decision_tree_classifier": {"min_samples_split": 2, "max_depth": null, "class_weight": "balanced", "min_samples_leaf": 1}, "google_preprocess_tfidf_preprocess_embed+decision_tree_classifier": {"min_samples_split": 10, "max_depth": null, "class_weight": "balanced", "min_samples_leaf": 2}, "google_preprocess_embed+decision_tree_classifier": {"min_samples_split": 2, "max_depth": null, "class_weight": "balanced", "min_samples_leaf": 2}, "tfidf_preprocess_embed+decision_tree_classifier": {"min_samples_split": 2, "max_depth": null, "class_weight": "balanced", "min_samples_leaf": 1}, "word_to_vec_embed+XGB_classifier": {"objective": "binary:logistic", "lambda": 0.01, "scale_pos_weight": 3, "min_child_weight": 1, "max_depth": 10, "eta": 0.2}, "google_preprocess+XGB_classifier": {"objective": "binary:logistic", "lambda": 0.01, "scale_pos_weight": 3, "min_child_weight": 1, "max_depth": 5, "eta": 0.2}, "google_preprocess_tfidf_preprocess_embed+XGB_classifier": {"objective": "binary:logistic", "lambda": 0.01, "scale_pos_weight": 3, "min_child_weight": 2, "max_depth": 3, "eta": 0.2}, "google_preprocess_embed+XGB_classifier": {"objective": "binary:logistic", "lambda": 0.01, "scale_pos_weight": 3, "min_child_weight": 2, "max_depth": 7, "eta": 0.2}, "tfidf_preprocess+XGB_classifier": {"objective": "binary:logistic", "lambda": 0.1, "scale_pos_weight": 3, "min_child_weight": 2, "max_depth": 3, "eta": 0.2}, "google_preprocess_tfidf_preprocess+XGB_classifier": {"objective": "binary:logistic", "lambda": 0.01, "scale_pos_weight": 3, "min_child_weight": 1, "max_depth": 3, "eta": 0.2}, "tfidf_preprocess_embed+XGB_classifier": {"objective": "binary:logistic", "lambda": 0.01, "scale_pos_weight": 3, "min_child_weight": 1, "max_depth": 10, "eta": 0.2}}